{"United States":{"2":"Great Britain","3":"Canada","4":"Spain","5":"India","6":"Denmark","7":"France","8":"Brazil","9":"Portugal","10":"Netherlands","11":"Greece","12":"Mexico","13":"Australia"},"US":{"2":"GB","3":"CA","4":"ES","5":"IN","6":"DE","7":"FR","8":"BR","9":"PT","10":"NL","11":"GR","12":"MX","13":"AU"},"San Jose":{"2":"London","3":"Toronto","4":"Barcelona","5":"Bangalore","6":"Copenhagen","7":"Paris","8":"Sao Paulo","9":"Lisbon","10":"Eindhoven","11":"Thessaloniki","12":"Guadalajara","13":"Melbourne"},"37.339386":{"2":51.507351,"3":43.653226,"4":41.385063,"5":12.971599,"6":55.676098,"7":48.8534951,"8":-23.5506507,"9":38.7077507,"10":51.4392648,"11":40.6403167,"12":20.6720375,"13":137.915},"-121.894956":{"2":-0.127758,"3":-79.383184,"4":2.173404,"5":77.594566,"6":12.568337,"7":2.3483915,"8":-46.6333824,"9":-9.1365919,"10":5.478633,"11":22.9352716,"12":-103.338396,"13":144.9632},"80.0":{"2":75.6,"3":61.0,"4":43.9,"5":17.3,"6":64.2,"7":59.5,"8":30.7,"9":43.2,"10":51.6,"11":35.2,"12":30.9,"13":79.9},"1359.4":{"2":1303.2,"3":1103.0,"4":845.0,"5":368.6,"6":1199.9,"7":1125.7,"8":660.9,"9":747.8,"10":1028.8,"11":863.0,"12":642.3,"13":1147.3},"4808.8":{"2":4457.6,"3":3986.3,"4":2950.5,"5":1290.3,"6":4294.7,"7":4021.5,"8":2392.4,"9":2632.5,"10":3598.7,"11":2852.9,"12":2337.2,"13":4101.2},"1090308":{"2":1689022,"3":951040,"4":968274,"5":121749,"6":240000,"7":1628182,"8":290691,"9":714000,"10":328700,"11":235872,"12":122460,"13":1023000}}